"DESCRIPTION","DURATION IN MS","NAME","PARENT SUITE","START TIME","STATUS","STOP TIME","SUB SUITE","SUITE","TEST CLASS","TEST METHOD"
"","10221","Broswer instance Safari browser:","chromium","2026-05-09","passed","2026-05-09","","tspractice/generalTest.spec.ts","",""
"","11535","Browser Context,on1 window","chromium","2026-05-09","passed","2026-05-09","","tspractice/generalTest.spec.ts","",""
"","6999","Browser Context, multipe windows","chromium","2026-05-09","passed","2026-05-09","","tspractice/generalTest.spec.ts","",""
"","610","Page navigate to Playwright uRL and verify the navigation is correct","chromium","2026-05-09","passed","2026-05-09","","tspractice/generalTest.spec.ts","",""
"","820","Verify if Get started link is visible","chromium","2026-05-09","passed","2026-05-09","","tspractice/generalTest.spec.ts","",""
"","3191","test 1","chromium","2026-05-09","passed","2026-05-09","","tspractice/functionalTest.spec.ts","",""
"","567","Handle Windows/ tabs","chromium","2026-05-09","passed","2026-05-09","","tspractice/generalTest.spec.ts","",""
"","2051","test 2","chromium","2026-05-09","passed","2026-05-09","","tspractice/functionalTest.spec.ts","",""
"","353","Handle Windows Navigation","chromium","2026-05-09","failed","2026-05-09","","tspractice/generalTest.spec.ts","",""
